"date","prices"
"2025-07-09 08:00:00","108953.19187727802"
"2025-07-10 08:00:00","111327.53054245669"
"2025-07-11 08:00:00","115879.65030112496"
"2025-07-12 08:00:00","117571.02510036016"
"2025-07-13 08:00:00","117418.95745007684"
"2025-07-14 08:00:00","119117.55666327637"
"2025-07-15 08:00:00","119833.67446712355"
"2025-07-16 08:00:00","117678.19493404306"
"2025-07-17 08:00:00","118748.1627367753"
"2025-07-18 08:00:00","119445.36520434043"
"2025-07-19 08:00:00","117988.94664455787"
"2025-07-20 08:00:00","117901.62655900871"
"2025-07-21 08:00:00","117256.9208222684"
"2025-07-22 08:00:00","117482.46977767294"
"2025-07-23 08:00:00","119955.79570607653"
"2025-07-24 08:00:00","118629.05588130427"
"2025-07-25 08:00:00","118354.43517438594"
"2025-07-26 08:00:00","117540.80837085741"
"2025-07-27 08:00:00","117959.54234360624"
"2025-07-28 08:00:00","119418.91405141471"
"2025-07-29 08:00:00","118003.30201607826"
"2025-07-30 08:00:00","117853.30892863822"
"2025-07-31 08:00:00","117833.24087995925"
"2025-08-01 08:00:00","115700.00243915782"
"2025-08-02 08:00:00","113234.6051343189"
"2025-08-03 08:00:00","112554.90232221723"
"2025-08-04 08:00:00","114199.10966460757"
"2025-08-05 08:00:00","115138.68613070177"
"2025-08-06 08:00:00","114128.35408881678"
"2025-08-07 08:00:00","115022.09576830892"
"2025-08-08 08:00:00","117463.47451085235"
"2025-08-09 08:00:00","116688.36663186055"
"2025-08-10 08:00:00","116510.08393213755"
"2025-08-11 08:00:00","119266.92516880555"
"2025-08-12 08:00:00","118773.79960860992"
"2025-08-13 08:00:00","120202.53485503166"
"2025-08-14 08:00:00","123560.99363577305"
"2025-08-15 08:00:00","118405.59579823953"
"2025-08-16 08:00:00","117339.79190213277"
"2025-08-17 08:00:00","117501.21653394958"
"2025-08-18 08:00:00","117542.83687778088"
"2025-08-19 08:00:00","116256.41276740946"
"2025-08-20 08:00:00","112778.34483555844"
"2025-08-21 08:00:00","114252.39755195397"
"2025-08-22 08:00:00","112414.39987336512"
"2025-08-23 08:00:00","116834.24948202295"
"2025-08-24 08:00:00","115359.98346714744"
"2025-08-25 08:00:00","113399.54847314971"
"2025-08-26 08:00:00","110185.35443900425"
"2025-08-27 08:00:00","111842.70999260596"
"2025-08-28 08:00:00","111216.08479629169"
"2025-08-29 08:00:00","112525.59740669793"
"2025-08-30 08:00:00","108480.30666639366"
"2025-08-31 08:00:00","108781.95727925687"
"2025-09-01 08:00:00","108253.36092385623"
"2025-09-02 08:00:00","109162.68557992298"
"2025-09-03 08:00:00","111190.18209845416"
"2025-09-04 08:00:00","111711.51977725117"
"2025-09-05 08:00:00","110724.736377486"
"2025-09-06 08:00:00","110662.18112628513"
"2025-09-07 08:00:00","110209.1888247784"
"2025-09-08 08:00:00","111131.9923868407"
"2025-09-09 08:00:00","112025.12878118771"
"2025-09-10 08:00:00","111547.43956434788"
"2025-09-11 08:00:00","113975.32489468766"
"2025-09-12 08:00:00","115503.16663193036"
"2025-09-13 08:00:00","116160.14344594491"
"2025-09-14 08:00:00","115970.58488443034"
"2025-09-15 08:00:00","115373.55555886829"
"2025-09-16 08:00:00","115397.25272727509"
"2025-09-17 08:00:00","116762.8496864193"
"2025-09-18 08:00:00","116455.94648225319"
"2025-09-19 08:00:00","117145.49508952006"
"2025-09-20 08:00:00","115655.81046441344"
"2025-09-21 08:00:00","115715.51536781774"
"2025-09-22 08:00:00","115304.47999407038"
"2025-09-23 08:00:00","112696.74101711863"
"2025-09-24 08:00:00","112022.16587861195"
"2025-09-25 08:00:00","113320.56908541008"
"2025-09-26 08:00:00","108963.53013595635"
"2025-09-27 08:00:00","109710.20874667744"
"2025-09-28 08:00:00","109654.81021075726"
"2025-09-29 08:00:00","112142.57362752674"
"2025-09-30 08:00:00","114309.15041119447"
"2025-10-01 08:00:00","114024.22783550054"
"2025-10-02 08:00:00","118503.24451752483"
"2025-10-03 08:00:00","120611.71911591051"
"2025-10-04 08:00:00","122250.15186842803"
"2025-10-05 08:00:00","122380.93708463266"
"2025-10-06 08:00:00","123506.18520027678"
"2025-10-07 08:00:00","124773.50823074432"
"2025-10-08 08:00:00","121518.75593575071"
"2025-10-09 08:00:00","123352.50487523204"
"2025-10-10 08:00:00","121698.03066778315"
"2025-10-11 08:00:00","113201.74064138904"
"2025-10-12 08:00:00","110853.11663883903"
"2025-10-13 08:00:00","115189.5714637257"
"2025-10-14 08:00:00","115222.28302116522"
"2025-10-15 08:00:00","113156.56943826913"
"2025-10-16 08:00:00","110708.66960879423"
"2025-10-17 08:00:00","108076.72862033188"
"2025-10-18 08:00:00","106443.61194984635"
"2025-10-19 08:00:00","107156.00337647724"
"2025-10-20 08:00:00","108621.134857428"
"2025-10-21 08:00:00","110608.5714932665"
"2025-10-22 08:00:00","108486.10262716639"
"2025-10-23 08:00:00","107618.4266715404"
"2025-10-24 08:00:00","110048.51827291629"
"2025-10-25 08:00:00","110997.80437129698"
"2025-10-26 08:00:00","111620.3093731354"
"2025-10-27 08:00:00","114476.01227508577"
"2025-10-28 08:00:00","114182.79442806762"
"2025-10-29 08:00:00","112950.34863259472"
"2025-10-30 08:00:00","110046.66925837283"
"2025-10-31 08:00:00","108240.76528725718"
"2025-11-01 08:00:00","109573.90555629115"
"2025-11-02 08:00:00","110014.13556776087"
"2025-11-03 08:00:00","110650.2092823146"
"2025-11-04 08:00:00","106521.08673825761"
"2025-11-05 08:00:00","101635.2740227234"
"2025-11-06 08:00:00","103877.95965955159"
"2025-11-07 08:00:00","101322.6402945857"
"2025-11-08 08:00:00","103396.084215925"
"2025-11-09 08:00:00","102290.13714655167"
"2025-11-10 08:00:00","104709.67861656273"
"2025-11-11 08:00:00","105909.07272321742"
"2025-11-12 08:00:00","102960.77564500563"
"2025-11-13 08:00:00","101521.70859453593"
"2025-11-14 08:00:00","99730.4533956204"
"2025-11-15 08:00:00","94456.39368235337"
"2025-11-16 08:00:00","95508.31019889197"
"2025-11-17 08:00:00","94411.32947182967"
"2025-11-18 08:00:00","92036.7255045672"
"2025-11-19 08:00:00","92819.75921500899"
"2025-11-20 08:00:00","91363.27838693369"
"2025-11-21 08:00:00","86649.97257918229"
"2025-11-22 08:00:00","85051.8019295002"
"2025-11-23 08:00:00","84682.62429147748"
"2025-11-24 08:00:00","86783.84766839583"
"2025-11-25 08:00:00","88229.35740719768"
"2025-11-26 08:00:00","87310.33159950442"
"2025-11-27 08:00:00","90474.22677969698"
"2025-11-28 08:00:00","91279.06057176423"
"2025-11-29 08:00:00","90950.37695910994"
"2025-11-30 08:00:00","90841.45258193677"
"2025-12-01 08:00:00","90406.28448571145"
"2025-12-02 08:00:00","86281.49519776918"
"2025-12-03 08:00:00","91344.73275150165"
"2025-12-04 08:00:00","93619.43750817103"
"2025-12-05 08:00:00","92140.70419795791"
"2025-12-06 08:00:00","89307.09154512963"
"2025-12-07 08:00:00","89244.7620814118"
"2025-12-08 08:00:00","90162.90714007126"
"2025-12-09 08:00:00","90618.0535204608"
"2025-12-10 08:00:00","92723.21372069631"
"2025-12-11 08:00:00","92005.13714957413"
"2025-12-12 08:00:00","92494.17691640415"
"2025-12-13 08:00:00","90307.26028567803"
"2025-12-14 08:00:00","90257.4292885891"
"2025-12-15 08:00:00","88230.77409367911"
"2025-12-16 08:00:00","86413.9190195637"
"2025-12-17 08:00:00","87821.88919109134"
"2025-12-18 08:00:00","86064.94716216"
"2025-12-19 08:00:00","85450.3312009302"
"2025-12-20 08:00:00","88103.86075721023"
"2025-12-21 08:00:00","88347.94310567998"
"2025-12-22 08:00:00","88577.42038358838"
"2025-12-23 08:00:00","88491.12020788102"
"2025-12-24 08:00:00","87406.43636737975"
"2025-12-25 08:00:00","87642.60888119951"
"2025-12-26 08:00:00","87229.78066010943"
"2025-12-27 08:00:00","87305.95655961394"
"2025-12-28 08:00:00","87807.003210775"
"2025-12-29 08:00:00","87822.90829076794"
"2025-12-30 08:00:00","87156.56266080117"
"2025-12-31 08:00:00","88414.62856073362"
"2026-01-01 08:00:00","87520.18048742875"
"2026-01-02 08:00:00","88727.67004249741"
"2026-01-03 08:00:00","89926.27924953419"
"2026-01-04 08:00:00","90593.85443180417"
"2026-01-05 08:00:00","91373.21588108438"
"2026-01-06 08:00:00","93926.7956485658"
"2026-01-07 08:00:00","93666.86387314305"
"2026-01-08 08:00:00","91257.15544035907"
"2026-01-09 08:00:00","90983.51578142625"
"2026-01-10 08:00:00","90504.89560340019"
"2026-01-11 08:00:00","90442.01907847001"
"2026-01-12 08:00:00","90819.36598904192"
"2026-01-13 08:00:00","91134.96917951507"
"2026-01-14 08:00:00","95260.4422971001"
"2026-01-15 08:00:00","97007.78078881276"
"2026-01-16 08:00:00","95584.82797878512"
"2026-01-17 08:00:00","95516.07771987123"
"2026-01-18 08:00:00","95099.53192554631"
"2026-01-19 08:00:00","93752.70577188236"
"2026-01-20 08:00:00","92558.46334372147"
"2026-01-21 08:00:00","88312.84053255555"
"2026-01-22 08:00:00","89354.34377512129"
"2026-01-23 08:00:00","89443.39744146909"
"2026-01-24 08:00:00","89412.39849953113"
"2026-01-25 08:00:00","89170.87364531498"
"2026-01-26 08:00:00","86548.32213469829"
"2026-01-27 08:00:00","88307.8612070438"
"2026-01-28 08:00:00","89204.22239644526"
"2026-01-29 08:00:00","89162.09701574955"
"2026-01-30 08:00:00","84570.40906135936"
"2026-01-31 08:00:00","84141.77856967277"
"2026-02-01 08:00:00","78725.85853884545"
"2026-02-02 08:00:00","76937.06406636834"
"2026-02-03 08:00:00","78767.65815345927"
"2026-02-04 08:00:00","75638.95670207398"
"2026-02-05 08:00:00","73172.29203248928"
"2026-02-06 08:00:00","62853.69038445987"
"2026-02-07 08:00:00","70523.95417035831"
"2026-02-08 08:00:00","69296.80677355142"
"2026-02-09 08:00:00","70542.37329463876"
"2026-02-10 08:00:00","70096.40692272567"
"2026-02-11 08:00:00","68779.90981269129"
"2026-02-12 08:00:00","66937.58141157958"
"2026-02-13 08:00:00","66184.57765470445"
"2026-02-14 08:00:00","68838.87490510389"
"2026-02-15 08:00:00","69765.59638824302"
"2026-02-16 08:00:00","68716.58337486399"
"2026-02-17 08:00:00","68907.78353606178"
"2026-02-18 08:00:00","67489.45540267964"
"2026-02-19 08:00:00","66456.3537620677"
"2026-02-20 08:00:00","66918.68417467622"
"2026-02-21 08:00:00","67970.29403133177"
"2026-02-22 08:00:00","67977.90904199042"
"2026-02-23 08:00:00","67585.11718938159"
"2026-02-24 08:00:00","64577.553200674425"
"2026-02-25 08:00:00","64074.11098528222"
"2026-02-26 08:00:00","67947.39185585188"
"2026-02-27 08:00:00","67469.06040327046"
"2026-02-28 08:00:00","65883.99096235317"
"2026-03-01 08:00:00","67008.45435746174"
"2026-03-02 08:00:00","65713.4989891121"
"2026-03-03 08:00:00","68864.03691918531"
"2026-03-04 08:00:00","68321.6178484252"
"2026-03-05 08:00:00","72669.7701652216"
"2026-03-06 08:00:00","70874.98687140146"
"2026-03-07 08:00:00","68148.28339966535"
"2026-03-08 08:00:00","67271.1907777184"
"2026-03-09 08:00:00","66036.15782362667"
"2026-03-10 08:00:00","68459.31537095344"
"2026-03-11 08:00:00","69883.00887579883"
"2026-03-12 08:00:00","70226.818790692"
"2026-03-13 08:00:00","70544.42535461926"
"2026-03-14 08:00:00","70965.28228600459"
"2026-03-15 08:00:00","71217.1010283798"
"2026-03-16 08:00:00","72681.9132538886"
"2026-03-17 08:00:00","74858.14870100339"
"2026-03-18 08:00:00","73926.27899152413"
"2026-03-19 08:00:00","71255.86350265636"
"2026-03-20 08:00:00","69871.4514796119"
"2026-03-21 08:00:00","70552.62530009366"
"2026-03-22 08:00:00","68733.54779458739"
"2026-03-23 08:00:00","67848.87605821833"
"2026-03-24 08:00:00","70892.82823994374"
"2026-03-25 08:00:00","70524.51175942823"
"2026-03-26 08:00:00","71309.26403856269"
"2026-03-27 08:00:00","68791.11093800364"
"2026-03-28 08:00:00","66321.016242762"
"2026-03-29 08:00:00","66321.06539994745"
"2026-03-30 08:00:00","65970.42899513361"
"2026-03-31 08:00:00","66699.27436893585"
"2026-04-01 08:00:00","68231.83047993251"
"2026-04-02 08:00:00","68089.0553821667"
"2026-04-03 08:00:00","66891.6645686824"
"2026-04-04 08:00:00","66939.69121715311"
"2026-04-05 08:00:00","67304.24955635444"
"2026-04-06 08:00:00","68985.52642694542"
"2026-04-07 08:00:00","68864.23452757328"
"2026-04-08 08:00:00","71975.62171045873"
"2026-04-09 08:00:00","71117.07713411814"
"2026-04-10 08:00:00","71770.7468500515"
"2026-04-11 08:00:00","72972.70823557042"
"2026-04-12 08:00:00","73053.88808483821"
"2026-04-13 08:00:00","70756.75105500016"
"2026-04-14 08:00:00","74514.63006655"
"2026-04-15 08:00:00","74181.10807228928"
"2026-04-16 08:00:00","74833.50639132406"
"2026-04-17 08:00:00","75149.1930221427"
"2026-04-18 08:00:00","77128.44334858148"
"2026-04-19 08:00:00","75728.45681761758"
"2026-04-20 08:00:00","73856.05501487634"
"2026-04-21 08:00:00","75874.54629352967"
"2026-04-22 08:00:00","76350.25202878818"
"2026-04-23 08:00:00","78194.78334884858"
"2026-04-24 08:00:00","78260.61998045091"
"2026-04-25 08:00:00","77444.79563692068"
"2026-04-26 08:00:00","77619.14219872655"
"2026-04-27 08:00:00","78645.12560170851"
"2026-04-28 08:00:00","77361.29911038803"
"2026-04-29 08:00:00","76345.22521002527"
"2026-04-30 08:00:00","75774.8855230121"
"2026-05-01 08:00:00","76286.57710950871"
"2026-05-02 08:00:00","78172.07422147921"
"2026-05-03 08:00:00","78655.34555331903"
"2026-05-04 08:00:00","78562.55051754859"
"2026-05-05 08:00:00","79823.88555955577"
"2026-05-06 08:00:00","80925.09365495079"
"2026-05-07 08:00:00","81424.99515650333"
"2026-05-08 08:00:00","80022.04125006415"
"2026-05-09 08:00:00","80189.06503567853"
"2026-05-10 08:00:00","80678.03394296461"
"2026-05-11 08:00:00","82145.65606759128"
"2026-05-12 08:00:00","81725.20771701908"
"2026-05-13 08:00:00","80480.88600120835"
"2026-05-14 08:00:00","79277.8045183824"
"2026-05-15 08:00:00","81051.9828878728"
"2026-05-16 08:00:00","79068.82024044942"
"2026-05-17 08:00:00","78135.00994863857"
"2026-05-18 08:00:00","77425.71519168488"
"2026-05-19 08:00:00","76952.2148594993"
"2026-05-20 08:00:00","76808.8105527178"
"2026-05-21 08:00:00","77459.94434557436"
"2026-05-22 08:00:00","77546.33765297421"
"2026-05-23 08:00:00","75482.52379955728"
"2026-05-24 08:00:00","76672.79289056802"
"2026-05-25 08:00:00","76988.16126107218"
"2026-05-26 08:00:00","77274.40152182181"
"2026-05-27 08:00:00","75824.06332542913"
"2026-05-28 08:00:00","74352.69928002391"
"2026-05-29 08:00:00","73539.84189606174"
"2026-05-30 08:00:00","73382.71831425565"
"2026-05-31 08:00:00","73751.06787328025"
"2026-06-01 08:00:00","73593.37119702855"
"2026-06-02 08:00:00","71360.32521325785"
"2026-06-03 08:00:00","66649.85561928031"
"2026-06-04 08:00:00","64021.88915867498"
"2026-06-05 08:00:00","63796.2543917893"
"2026-06-06 08:00:00","60921.79441516493"
"2026-06-07 08:00:00","60861.88012897632"
"2026-06-08 08:00:00","63254.57215050675"
"2026-06-09 08:00:00","63078.44049480062"
"2026-06-10 08:00:00","61658.311991466595"
"2026-06-11 08:00:00","61492.514389714524"
"2026-06-12 08:00:00","63552.30087011473"
"2026-06-13 08:00:00","63537.739003707065"
"2026-06-14 08:00:00","64377.57668942172"
"2026-06-15 08:00:00","65713.6235604093"
"2026-06-16 08:00:00","66300.95853652984"
"2026-06-17 08:00:00","65598.9439666077"
"2026-06-18 08:00:00","64422.57366477588"
"2026-06-19 08:00:00","62900.22709317204"
"2026-06-20 08:00:00","63513.65867862926"
"2026-06-21 08:00:00","64240.23278038838"
"2026-06-22 08:00:00","63231.86958363731"
"2026-06-23 08:00:00","63957.19561383976"
"2026-06-24 08:00:00","62651.93474257838"
"2026-06-25 08:00:00","60908.995129015006"
"2026-06-26 08:00:00","59712.618061582114"
"2026-06-27 08:00:00","59981.83163422954"
"2026-06-28 08:00:00","59943.11077412465"
"2026-06-29 08:00:00","59612.29403760121"
"2026-06-30 08:00:00","60159.63016705464"
"2026-07-01 08:00:00","58550.74778816053"
"2026-07-02 08:00:00","59979.90070833996"
"2026-07-03 08:00:00","61487.29901031284"
"2026-07-04 08:00:00","62537.44084879135"
"2026-07-05 08:00:00","63094.24017750663"
"2026-07-06 08:00:00","63546.43013166118"
"2026-07-07 08:00:00","64072.299238925065"
"2026-07-08 08:00:00","63351.36771281746"
"2026-07-08 20:05:01","62222.04536586642"
"2026-07-08 21:00:57.460000","61932.05086676209"
"2026-07-08 22:01:58.858000","61831.22745667842"
"2026-07-08 23:01:42.346000","61842.84560816078"
"2026-07-09 00:00:59.835000","61641.213975719205"
"2026-07-09 01:01:19.614000","62054.78429083154"
"2026-07-09 02:01:15.416000","62048.00605643022"
"2026-07-09 03:01:12.744000","62123.72638065353"
"2026-07-09 04:01:25.679000","62195.710556983504"
"2026-07-09 05:01:17.410000","62056.45927908783"
"2026-07-09 06:02:02.550000","62144.73025971306"
"2026-07-09 07:01:28.396000","62267.37381989537"
"2026-07-09 08:02:26.396000","62252.63748967275"
"2026-07-09 09:01:41.482000","62057.24234087997"
"2026-07-09 10:01:11.528000","61855.58077868091"
"2026-07-09 11:01:36.552000","61740.75242165106"
"2026-07-09 12:00:45.144000","61931.83568226704"
"2026-07-09 13:00:12.991000","62388.799997011505"
"2026-07-09 14:00:23.621000","62513.2301450384"
"2026-07-09 15:00:13.412000","62820.149627589315"
"2026-07-09 16:00:32.122000","62947.80102698248"
"2026-07-09 17:01:05.072000","62836.64826003586"
"2026-07-09 18:00:01.674000","62892.293535390665"
"2026-07-09 19:00:22.345000","62712.089962465136"
"2026-07-09 20:00:14.063000","62726.73097400199"
"2026-07-09 21:01:32.232000","62570.820826883464"
"2026-07-09 22:01:31.900000","62968.05424026797"
"2026-07-09 23:00:14.776000","62947.935198366315"
"2026-07-10 00:01:22.763000","62819.43817638452"
"2026-07-10 01:00:50.444000","62652.276781562185"
"2026-07-10 02:01:34.358000","63076.73003282413"
"2026-07-10 03:01:09.589000","63158.21618374233"
"2026-07-10 04:00:35.662000","63202.575673133855"
"2026-07-10 05:00:32.919000","63255.281135642144"
"2026-07-10 06:01:09.590000","63233.95531837552"
"2026-07-10 07:01:16.035000","63178.828901258355"
"2026-07-10 08:00:49.864000","63201.08806990343"
"2026-07-10 09:00:50.002000","63045.18746663233"
"2026-07-10 10:01:36.379000","63681.16647688241"
"2026-07-10 11:01:38.228000","63919.6728866854"
"2026-07-10 12:00:56.169000","63881.11532044424"
"2026-07-10 13:00:33.411000","64004.05069425178"
"2026-07-10 14:00:48.135000","64060.62365144604"
"2026-07-10 15:01:27.187000","63807.168886962325"
"2026-07-10 16:01:26.275000","63950.301083552404"
"2026-07-10 17:01:50.328000","64212.07079433152"
"2026-07-10 18:01:38.087000","64344.57686298755"
"2026-07-10 19:01:22.990000","64369.17004777795"
"2026-07-10 20:01:52.137000","64360.08798509396"
"2026-07-10 21:01:01.690000","64246.64072845215"
"2026-07-10 21:04:56.416000","64230.71555751422"
"2026-07-10 21:09:59.736000","64248.54864366275"
"2026-07-10 21:14:58.541000","64204.826033410354"
"2026-07-10 21:19:57.146000","64163.56235755189"
"2026-07-10 21:24:57.559000","64202.236022348705"
"2026-07-10 21:29:56.526000","64122.202721118716"
"2026-07-10 21:34:57.201000","64191.61807545656"
"2026-07-10 21:39:57.417000","64239.17562073181"
"2026-07-10 21:44:56.104000","64341.48783928992"
"2026-07-10 21:49:55.636000","64440.94690239936"
"2026-07-10 21:54:56.656000","64553.8918211152"
"2026-07-10 22:00:01.152000","64442.51730042664"
"2026-07-10 22:00:01.152000","64442.51730042664"
"2026-07-10 22:00:01.152000","64442.51730042664"
"2026-07-10 22:04:56.240000","64380.0199322869"
"2026-07-10 22:09:56.428000","64255.674720824136"
"2026-07-10 22:14:50.415000","64180.08976488118"
"2026-07-10 22:19:59.427000","64080.17990006742"
"2026-07-10 22:24:56.679000","64032.147424610965"
"2026-07-10 22:29:56.531000","64080.99021057776"
"2026-07-10 22:34:59.674000","63995.46965313551"
"2026-07-10 22:39:59.177000","64045.614206623206"
"2026-07-10 22:44:58.017000","64059.0190661078"
"2026-07-10 22:49:57.539000","64014.715291508015"
"2026-07-10 22:54:57.457000","63947.752643094864"
"2026-07-10 22:59:57.555000","63879.560460151944"
"2026-07-10 23:04:56.420000","63933.65824300647"
"2026-07-10 23:09:56.868000","63997.93718379405"
"2026-07-10 23:14:56.654000","63944.40133401707"
"2026-07-10 23:19:57.102000","64054.65688234211"
"2026-07-10 23:24:57.444000","64079.10949236452"
"2026-07-10 23:29:58.674000","64081.06674902724"
"2026-07-10 23:34:55.813000","64052.13273012613"
"2026-07-10 23:39:50.790000","63971.855806375585"
"2026-07-10 23:44:57.681000","63910.72442908533"
"2026-07-10 23:49:56.761000","63934.961848680825"
"2026-07-10 23:54:57.952000","63957.793955423986"
"2026-07-10 23:59:58.118000","63961.53854038046"
"2026-07-11 00:04:56.911000","63929.870558183946"
"2026-07-11 00:09:57.494000","63975.97635656837"
"2026-07-11 00:14:55.590000","63997.92573596251"
"2026-07-11 00:19:58.363000","64036.05164889151"
"2026-07-11 00:24:56.496000","63975.35104329504"
"2026-07-11 00:29:59.759000","63961.85756091626"
"2026-07-11 00:34:56.740000","63975.213743317334"
"2026-07-11 00:39:56.055000","63819.09073041485"
"2026-07-11 00:44:58.943000","63908.52390910022"
"2026-07-11 00:49:56.483000","63923.00476391087"
"2026-07-11 00:54:57.677000","64038.9389557822"
"2026-07-11 00:59:56.579000","64119.29884229157"
"2026-07-11 01:04:58.106000","64065.75594435244"
"2026-07-11 01:09:57.623000","64013.726322219576"
"2026-07-11 01:14:56.575000","63933.83514947383"
"2026-07-11 01:19:56.010000","63889.72155936652"
"2026-07-11 01:24:50.708000","63878.90206773138"
"2026-07-11 01:29:50.653000","63953.072074854164"
"2026-07-11 01:34:52.807000","63842.34308793629"
"2026-07-11 01:39:55.412000","63830.06801224675"
"2026-07-11 01:44:59.129000","63832.45833628659"
"2026-07-11 01:49:51.576000","63849.524428164885"
"2026-07-11 01:54:57.406000","63834.87912048255"
"2026-07-11 01:59:55.661000","63799.59845515737"
"2026-07-11 02:04:57.046000","63885.846000457095"
"2026-07-11 02:09:58.827000","63877.56686468792"
"2026-07-11 02:14:56.408000","63846.86732867927"
"2026-07-11 02:19:57.860000","63822.775351770375"
"2026-07-11 02:24:57.737000","63884.74153441277"
"2026-07-11 02:29:48.119000","63885.630920997224"
"2026-07-11 02:34:58.879000","63872.18740476954"
"2026-07-11 02:39:57.703000","63846.95782609954"
"2026-07-11 02:44:57.672000","63841.30291399291"
"2026-07-11 02:49:57.863000","63808.85024808963"
"2026-07-11 02:54:55.765000","63728.91406284807"
"2026-07-11 02:59:57.206000","63756.88286384032"
"2026-07-11 03:04:58.619000","63778.46445401838"
"2026-07-11 03:09:56.788000","63815.3260364502"
"2026-07-11 03:14:56.463000","63830.27411469619"
"2026-07-11 03:19:57.346000","63826.9487109699"
"2026-07-11 03:24:56.765000","63755.87103930491"
"2026-07-11 03:29:59.558000","63835.38076712837"
"2026-07-11 03:34:57.103000","63933.563673855235"
"2026-07-11 03:39:58.969000","63982.95309789353"
"2026-07-11 03:44:56.324000","63944.09251634629"
"2026-07-11 03:49:56.710000","63935.27659485908"
"2026-07-11 03:54:58.852000","63966.71776410804"
"2026-07-11 03:59:57.354000","63880.81340092693"
"2026-07-11 04:04:57.691000","63821.13202026623"
"2026-07-11 04:09:58.997000","63801.814643775084"
"2026-07-11 04:14:57.749000","63781.851935596016"
"2026-07-11 04:19:56.764000","63786.520494079574"
"2026-07-11 04:24:57.909000","63762.71864876549"
"2026-07-11 04:29:51.218000","63671.75168545709"
"2026-07-11 04:34:59.265000","63754.32122506267"
"2026-07-11 04:39:59.721000","63825.14910745887"
"2026-07-11 04:44:57.588000","63832.84568388187"
"2026-07-11 04:49:57.522000","63822.59208394205"
"2026-07-11 04:54:51.297000","63826.29862876615"
"2026-07-11 04:59:51.012000","63800.85162223474"
"2026-07-11 05:04:57.034000","63811.128463776906"
"2026-07-11 05:09:52.322000","63868.37769194339"
"2026-07-11 05:15:00.038000","63907.28565285942"
"2026-07-11 05:19:56.834000","63904.81966074494"
"2026-07-11 05:24:59.023000","63923.57148612703"
"2026-07-11 05:29:59.796000","63959.82701427564"
"2026-07-11 05:34:59.187000","63950.617509982716"
"2026-07-11 05:39:53.730000","64021.89004599472"
"2026-07-11 05:44:59.505000","63983.76939018994"
"2026-07-11 05:49:57.033000","63960.9224098164"
"2026-07-11 05:54:51.278000","63967.763631904585"
"2026-07-11 06:00:00.834000","63955.87380446337"
"2026-07-11 06:04:56.208000","63984.29618582064"
"2026-07-11 06:09:57.278000","63978.64384570331"
"2026-07-11 06:14:46.488000","63999.51892774757"
"2026-07-11 06:19:56.014000","64001.987878363165"
"2026-07-11 06:24:58.630000","63979.82266142129"
"2026-07-11 06:29:55.652000","64074.60265084698"
"2026-07-11 06:34:56.049000","64086.71368594163"
"2026-07-11 06:39:55.681000","64079.181755111575"
"2026-07-11 06:44:55.862000","64085.26844766521"
"2026-07-11 06:49:55.483000","64081.309633487144"
"2026-07-11 06:54:57.767000","64048.98485062016"
"2026-07-11 06:59:59.510000","64065.46308731039"
"2026-07-11 07:04:59.860000","63994.886333951705"
"2026-07-11 07:09:58.368000","63991.497228225206"
"2026-07-11 07:14:51.240000","64033.20525478571"
"2026-07-11 07:19:58.872000","64105.02033051715"
"2026-07-11 07:24:58.633000","64077.58120097996"
"2026-07-11 07:29:57.732000","64146.82242026133"
"2026-07-11 07:34:55.528000","64138.80831443942"
"2026-07-11 07:39:59.227000","64156.26179172343"
"2026-07-11 07:44:57.265000","64131.475628319284"
"2026-07-11 07:49:59.444000","64102.35984223107"
"2026-07-11 07:54:57.395000","64082.04036871"
"2026-07-11 08:00:02.974000","64118.700579107266"
"2026-07-11 08:04:58.021000","64074.58801325055"
"2026-07-11 08:09:56.142000","64075.20379080636"
"2026-07-11 08:14:57.886000","64043.33617899694"
"2026-07-11 08:19:57.912000","64015.33868737721"
"2026-07-11 08:24:55.744000","64033.31803650616"
"2026-07-11 08:30:01.413000","64078.935258876736"
"2026-07-11 08:34:54.384000","64071.49549172781"
"2026-07-11 08:39:56.390000","64010.02086051863"
"2026-07-11 08:44:57.484000","64074.43691863804"
"2026-07-11 08:49:57.015000","64058.822799704605"
"2026-07-11 08:54:56.008000","64082.09134760982"
"2026-07-11 08:59:56.953000","64090.985162830504"
"2026-07-11 09:04:56.399000","64074.39220413316"
"2026-07-11 09:09:58.104000","64082.97710304563"
"2026-07-11 09:14:59.314000","64096.83935643062"
"2026-07-11 09:19:56.663000","64135.84945915634"
"2026-07-11 09:24:52.758000","64219.10996588662"
"2026-07-11 09:29:58.052000","64187.461927591336"
"2026-07-11 09:34:59.597000","64199.65952476446"
"2026-07-11 09:39:53.086000","64064.48139611386"
"2026-07-11 09:44:59.216000","64027.93701862078"
"2026-07-11 09:49:57.622000","64041.78716641621"
"2026-07-11 09:54:58.532000","64039.997682769565"
"2026-07-11 09:59:55.943000","63983.96626764876"
"2026-07-11 10:04:59.100000","63977.26741435113"
"2026-07-11 10:09:51.153000","63998.17750861744"
"2026-07-11 10:14:56.329000","63974.96857047898"
"2026-07-11 10:19:56.345000","64011.98985333597"
"2026-07-11 10:24:59.128000","63986.01653701889"
"2026-07-11 10:29:56.717000","63985.12228500047"
"2026-07-11 10:34:59.885000","64019.25416247774"
"2026-07-11 10:39:51.574000","64042.93652800881"
"2026-07-11 10:44:59.842000","64091.886472671875"
"2026-07-11 10:49:55.939000","64102.417828772945"
"2026-07-11 10:54:57.189000","64110.67037804363"
"2026-07-11 10:59:58.805000","64115.522860571924"
"2026-07-11 11:04:56.753000","64088.12697850083"
"2026-07-11 11:09:57.240000","64106.41498604813"
"2026-07-11 11:14:58.118000","64130.22094346363"
"2026-07-11 11:19:54.531000","64073.008287460354"
"2026-07-11 11:24:57.574000","64127.78838222142"
"2026-07-11 11:29:54.897000","64076.01743077963"
"2026-07-11 11:34:56.214000","64087.085212081496"
"2026-07-11 11:39:56.600000","64128.318933902025"
"2026-07-11 11:44:59.471000","64112.48927281365"
"2026-07-11 11:49:56.998000","64120.45127772771"
"2026-07-11 11:54:59.330000","64133.34794166739"
"2026-07-11 11:59:55.911000","64115.37631038539"
"2026-07-11 12:04:59.230000","64082.43849026905"
"2026-07-11 12:09:59.868000","64054.46510275269"
"2026-07-11 12:14:56.770000","64071.328632054676"
"2026-07-11 12:19:59.228000","64046.70487437365"
"2026-07-11 12:24:58.309000","64108.2884031203"
"2026-07-11 12:29:50.538000","64092.713944568255"
"2026-07-11 12:34:54.346000","64127.48368000108"
"2026-07-11 12:39:57.954000","64154.754136752475"
"2026-07-11 12:44:58.229000","64115.933004990504"
"2026-07-11 12:49:57.637000","64116.883038625296"
"2026-07-11 12:54:56.232000","64077.32061391407"
"2026-07-11 12:59:52.723000","64086.92184183047"
"2026-07-11 13:04:51.231000","64094.402048669166"
"2026-07-11 13:09:55.510000","64115.848722347175"
"2026-07-11 13:14:58.578000","64138.759620436475"
"2026-07-11 13:19:57.264000","64110.566984780504"
"2026-07-11 13:24:59.655000","64136.84442497275"
"2026-07-11 13:29:57.675000","64140.83645479652"
"2026-07-11 13:34:53.807000","64153.239535543995"
"2026-07-11 13:39:58.356000","64160.24840638947"
"2026-07-11 13:44:56","64123.484393563995"
"2026-07-11 13:49:56.929000","64107.952432887716"
"2026-07-11 13:54:55.502000","64118.45892259011"
"2026-07-11 13:59:57.032000","64125.93552085215"
"2026-07-11 14:04:56.449000","64097.90774717726"
"2026-07-11 14:09:53.478000","64128.156361557645"
"2026-07-11 14:14:58.026000","64152.36423342816"
"2026-07-11 14:19:59.267000","64151.08923502214"
"2026-07-11 14:24:58.545000","64199.727664046855"
"2026-07-11 14:29:59.483000","64172.79003252419"
"2026-07-11 14:34:58.601000","64206.666937057715"
"2026-07-11 14:39:56.345000","64188.56957053744"
"2026-07-11 14:44:52.856000","64168.069062576425"
"2026-07-11 14:49:57.291000","64179.41413115169"
"2026-07-11 14:54:59.188000","64149.229417632916"
"2026-07-11 14:59:56.400000","64167.142957502365"
"2026-07-11 15:04:59.847000","64174.87471477947"
"2026-07-11 15:09:59.768000","64134.52870628815"
"2026-07-11 15:14:56.620000","64158.7823002652"
"2026-07-11 15:19:57.220000","64146.628510025934"
"2026-07-11 15:24:56.765000","64154.69946032823"
"2026-07-11 15:29:58.836000","64191.1333060309"
"2026-07-11 15:34:49.950000","64170.95656977318"
"2026-07-11 15:39:59.555000","64156.30937382528"
"2026-07-11 15:44:54.763000","64145.5854117726"
"2026-07-11 15:49:59.360000","64116.45953660326"
"2026-07-11 15:54:54.119000","64110.861955727676"
"2026-07-11 16:00:00.469000","64110.967829055204"
"2026-07-11 16:04:51.659000","64116.75942488532"
"2026-07-11 16:09:59.612000","64124.10058060352"
"2026-07-11 16:14:56.578000","64194.445665311105"
"2026-07-11 16:19:59.073000","64190.08046869877"
"2026-07-11 16:24:47.138000","64206.195834400816"
"2026-07-11 16:29:46.140000","64198.959927985255"
"2026-07-11 16:34:54.085000","64199.24358503614"
"2026-07-11 16:39:56.158000","64206.99817672512"
"2026-07-11 16:44:57.071000","64234.38467065343"
"2026-07-11 16:49:55.908000","64208.40153124346"
"2026-07-11 16:54:55.169000","64192.21481188485"
"2026-07-11 16:59:54.588000","64209.99503621056"
"2026-07-11 17:04:52.396000","64223.75012794954"
"2026-07-11 17:09:55.693000","64209.08743038162"
"2026-07-11 17:14:57.188000","64183.65527086226"
"2026-07-11 17:19:57.775000","64198.40229151842"
"2026-07-11 17:24:57.348000","64196.16011620288"
"2026-07-11 17:29:56.959000","64211.38767161323"
"2026-07-11 17:34:58.364000","64203.951661307816"
"2026-07-11 17:39:57.789000","64201.90945045421"
"2026-07-11 17:44:57.993000","64159.31576739279"
"2026-07-11 17:49:58.472000","64108.27020736184"
"2026-07-11 17:54:57.232000","64104.139948313474"
"2026-07-11 18:00:01.358000","64104.14383795518"
"2026-07-11 18:04:52.294000","64109.62164504704"
"2026-07-11 18:09:56.913000","64104.943045541906"
"2026-07-11 18:14:58.946000","64118.57990830098"
"2026-07-11 18:19:59.610000","64098.04904693675"
"2026-07-11 18:24:55.241000","64105.64035881083"
"2026-07-11 18:29:58.936000","64102.66967371202"
"2026-07-11 18:34:57.114000","64094.76382058091"
"2026-07-11 18:39:58.591000","64089.02912727467"
"2026-07-11 18:44:56.793000","64116.4499905471"
"2026-07-11 18:49:55.663000","64122.035201570565"
"2026-07-11 18:54:58.250000","64120.65820183083"
"2026-07-11 18:59:56.178000","64117.181131837984"
"2026-07-11 19:04:53.517000","64124.14586446241"
"2026-07-11 19:09:58.355000","64127.361430811274"
"2026-07-11 19:14:45.687000","64141.46741433663"
"2026-07-11 19:19:56.352000","64121.84721023182"
"2026-07-11 19:24:56.407000","64120.92521123838"
"2026-07-11 19:30:00.716000","64115.13644851523"
"2026-07-11 19:34:57.656000","64115.0431084665"
"2026-07-11 19:39:58.018000","64128.38210794615"
"2026-07-11 19:44:55.884000","64127.03505910231"
"2026-07-11 19:49:57.190000","64139.67403412244"
"2026-07-11 19:54:56.990000","64123.61842697958"
"2026-07-11 19:59:57.753000","64142.03562105326"
"2026-07-11 20:04:51.729000","64142.44868284609"
"2026-07-11 20:09:54.195000","64127.2443506913"
"2026-07-11 20:14:58.801000","64157.813017161716"
"2026-07-11 20:19:54.551000","64139.365231266485"
"2026-07-11 20:24:55.517000","64120.36055598059"
"2026-07-11 20:30:00.850000","64130.71356425146"
"2026-07-11 20:34:59.828000","64094.30155349571"
"2026-07-11 20:39:55.754000","64100.85819414172"
"2026-07-11 20:44:57.883000","64085.47131728044"
"2026-07-11 20:49:56.253000","64108.71458943178"
"2026-07-11 20:54:55.179000","64138.912993237536"
"2026-07-11 20:59:59.810000","64135.07789561458"
"2026-07-11 21:04:57.095000","64134.209399564446"
"2026-07-11 21:09:58.047000","64141.20265331623"
"2026-07-11 21:14:48.534000","64126.53150538819"
"2026-07-11 21:19:57.019000","64119.81525143014"
"2026-07-11 21:24:56.161000","64157.25607889004"
"2026-07-11 21:29:57.698000","64152.90476135037"
"2026-07-11 21:34:59.022000","64169.54715838887"
"2026-07-11 21:39:56.814000","64166.496226761104"
"2026-07-11 21:44:58.396000","64173.254919723244"
"2026-07-11 21:49:55.866000","64205.3916310605"
"2026-07-11 21:49:55.866000","64205.3916310605"
"2026-07-11 21:54:56.300000","64207.2971373677"
"2026-07-11 21:59:59.885000","64188.71487099244"
"2026-07-11 22:04:57.972000","64203.954533829354"
"2026-07-11 22:09:57.401000","64209.64417835876"
"2026-07-11 22:14:55.311000","64220.353048963094"
"2026-07-11 22:19:54.328000","64234.41424588796"
"2026-07-11 22:24:55.843000","64241.46812434066"
"2026-07-11 22:29:56.847000","64345.76580727969"
"2026-07-11 22:34:59.827000","64357.77566568531"
"2026-07-11 22:39:57.633000","64419.32231880964"
"2026-07-11 22:44:59.196000","64366.543690704384"
"2026-07-11 22:49:56.702000","64348.8561818612"
"2026-07-11 22:54:59.635000","64324.3489353917"
"2026-07-11 22:59:57.211000","64311.1039631105"
"2026-07-11 23:04:57.803000","64322.7949977897"
"2026-07-11 23:09:59.660000","64313.858237605185"
"2026-07-11 23:14:57.354000","64411.74505621304"
"2026-07-11 23:19:56.301000","64377.55077421203"
"2026-07-11 23:24:56.009000","64370.54564573045"
"2026-07-11 23:29:58.631000","64380.28981474984"
"2026-07-11 23:34:55.954000","64385.382434860425"
"2026-07-11 23:39:57.576000","64112.65882239051"
"2026-07-11 23:44:57.595000","64089.847493045076"
"2026-07-11 23:49:58.071000","63975.361667784324"
"2026-07-11 23:54:56.361000","64049.62477955453"
"2026-07-11 23:59:55.903000","64110.189634873896"
"2026-07-12 00:04:59.716000","64096.17249584385"
"2026-07-12 00:09:56.197000","64051.357459957944"
"2026-07-12 00:14:51.055000","64108.582258737864"
"2026-07-12 00:19:51.687000","64126.678807733"
"2026-07-12 00:24:57.866000","64160.58555276516"
"2026-07-12 00:29:59.640000","64169.08786494735"
"2026-07-12 00:34:58.520000","64184.91487766625"
"2026-07-12 00:39:58.173000","64112.594288856264"
"2026-07-12 00:44:56.946000","64094.132463946444"
"2026-07-12 00:49:59.113000","64090.03508316491"
"2026-07-12 00:54:59.685000","64074.6781538816"
"2026-07-12 00:59:52.675000","64128.165827774385"
"2026-07-12 01:04:59.440000","64124.50708666571"
"2026-07-12 01:09:57.481000","64171.74604512797"
"2026-07-12 01:14:56.403000","64169.67453430977"
"2026-07-12 01:19:58.411000","64196.22875424811"
"2026-07-12 01:24:57.982000","64160.90031242708"
"2026-07-12 01:29:58.592000","64243.528320883386"
"2026-07-12 01:34:58.967000","64323.69290380325"
"2026-07-12 01:39:57.237000","64316.479034208045"
"2026-07-12 01:44:58.620000","64300.1343182544"
"2026-07-12 01:49:56.655000","64287.35413248376"
"2026-07-12 01:54:57.278000","64282.474060691224"
"2026-07-12 01:59:59.625000","64263.63534810441"
"2026-07-12 02:04:56.116000","64246.113386419915"
"2026-07-12 02:09:56.175000","64253.90292109303"
"2026-07-12 02:14:57.489000","64266.500326034286"
"2026-07-12 02:19:55.820000","64285.45917622843"
"2026-07-12 02:24:57.014000","64319.77945806929"
"2026-07-12 02:29:56.871000","64293.86400657174"
"2026-07-12 02:34:52.816000","64303.85058563111"
"2026-07-12 02:39:55.476000","64288.928552607096"
"2026-07-12 02:44:57.181000","64299.38352679568"
"2026-07-12 02:49:55.823000","64279.57630839386"
"2026-07-12 02:54:56.191000","64247.02940033973"
"2026-07-12 02:59:59.618000","64279.15675534047"
"2026-07-12 03:04:59.828000","64260.950102040966"
"2026-07-12 03:09:57.309000","64257.81292706876"
"2026-07-12 03:14:50.749000","64255.75935247091"
"2026-07-12 03:19:58.893000","64273.728417984195"
"2026-07-12 03:24:55.907000","64284.03301493625"
"2026-07-12 03:29:59.397000","64201.65338141258"
"2026-07-12 03:34:55.758000","64192.510715522854"
"2026-07-12 03:39:55.502000","64231.01126594622"
"2026-07-12 03:44:55.705000","64218.89356076294"
"2026-07-12 03:49:58.644000","64222.026951298525"
"2026-07-12 03:54:57.220000","64231.036486394245"
"2026-07-12 03:59:57.755000","64241.07631095752"
"2026-07-12 04:04:57.548000","64261.27767072917"
"2026-07-12 04:09:57.449000","64246.058735340186"
"2026-07-12 04:14:54.345000","64283.91366397775"
"2026-07-12 04:19:57.348000","64292.791469465854"
"2026-07-12 04:24:57.735000","64291.63545087982"
"2026-07-12 04:29:59.648000","64301.166439384004"
"2026-07-12 04:34:59.876000","64312.872441407446"
"2026-07-12 04:39:55.514000","64304.04783919131"
"2026-07-12 04:44:58.416000","64360.581870220456"
"2026-07-12 04:49:58.166000","64356.42338308502"
"2026-07-12 04:54:57.916000","64338.49099191304"
"2026-07-12 04:59:57.787000","64339.095199074836"
"2026-07-12 05:05:00.267000","64376.92407275802"
"2026-07-12 05:09:56.233000","64360.030729037375"
"2026-07-12 05:14:55.537000","64322.72294172125"
"2026-07-12 05:19:57.011000","64330.838077561035"
"2026-07-12 05:24:58.272000","64343.2875103688"
"2026-07-12 05:30:01.567000","64314.410634544285"
"2026-07-12 05:34:52.575000","64316.33814272555"
"2026-07-12 05:39:59.220000","64306.44137348929"
"2026-07-12 05:44:58.548000","64304.581713573185"
"2026-07-12 05:49:58.072000","64327.883553159016"
"2026-07-12 05:54:58.220000","64311.55473347008"
"2026-07-12 05:59:58.296000","64303.19087890115"
"2026-07-12 06:04:58.456000","64308.22625174866"
"2026-07-12 06:09:57.006000","64306.10588041406"
"2026-07-12 06:14:55.565000","64343.452806023786"
"2026-07-12 06:19:55.704000","64306.42100607275"
"2026-07-12 06:24:58.379000","64211.695794133295"
"2026-07-12 06:29:54.050000","64235.75739792997"
"2026-07-12 06:34:52.291000","64252.28634777268"
"2026-07-12 06:39:52.227000","64225.03782369268"
"2026-07-12 06:44:56.424000","64168.70611573198"
"2026-07-12 06:49:58.057000","64148.978301085896"
"2026-07-12 06:54:56.124000","64114.703092319796"
"2026-07-12 06:59:57.990000","64154.8812983746"
"2026-07-12 07:04:56.100000","64185.32517567665"
"2026-07-12 07:09:58.205000","64119.5056451827"
"2026-07-12 07:14:59.419000","64090.1034629832"
"2026-07-12 07:19:58.280000","64126.203100109065"
"2026-07-12 07:24:57.104000","63914.34778588043"
"2026-07-12 07:29:55.515000","63873.4859504979"
"2026-07-12 07:34:55.709000","63835.85994140513"
"2026-07-12 07:39:58.690000","63845.8922008323"
"2026-07-12 07:44:58.562000","63907.89549708618"
"2026-07-12 07:49:59.354000","63941.51281895555"
"2026-07-12 07:54:56.055000","63892.792516153044"
"2026-07-12 08:00:02.168000","63785.019944129"
"2026-07-12 08:04:56.141000","63827.83177528878"
"2026-07-12 08:09:59.454000","63759.4305609138"
"2026-07-12 08:14:58.810000","63820.31292728682"
"2026-07-12 08:19:59.218000","63793.670661782584"
"2026-07-12 08:24:56.761000","63848.797690597465"
"2026-07-12 08:29:56.238000","63825.44424336983"
"2026-07-12 08:34:59.873000","63752.51243368885"
"2026-07-12 08:39:57.712000","63755.558365539866"
"2026-07-12 08:44:56.822000","63745.89580704308"
"2026-07-12 08:49:59.223000","63763.60176150889"
"2026-07-12 08:54:56.735000","63769.76109271129"
"2026-07-12 08:59:56.584000","63795.5534612457"
"2026-07-12 09:04:58.220000","63864.70208983635"
"2026-07-12 09:09:55.395000","63879.06749064389"
"2026-07-12 09:14:57.070000","63900.363963233314"
"2026-07-12 09:19:56.335000","63926.128509041984"
"2026-07-12 09:24:55.099000","63943.15110876564"
"2026-07-12 09:29:58.804000","63903.17149270817"
"2026-07-12 09:34:59.483000","63951.74506351803"
"2026-07-12 09:39:55.532000","64017.21184996767"
"2026-07-12 09:44:56.418000","64110.53284871971"
"2026-07-12 09:49:58.258000","64070.59984971624"
"2026-07-12 09:54:55.625000","64088.941122427685"
"2026-07-12 09:59:55.859000","64083.899429257246"
"2026-07-12 10:04:54.711000","64041.74768811817"
"2026-07-12 10:09:50.678000","64054.69924640376"
"2026-07-12 10:14:56.058000","64003.08005332829"
"2026-07-12 10:19:58.816000","64031.88496426869"
"2026-07-12 10:24:56.608000","64079.44123751794"
"2026-07-12 10:29:58.073000","64067.79079333043"
"2026-07-12 10:34:58.551000","64048.78336482426"
"2026-07-12 10:39:59.012000","64063.113665805206"
"2026-07-12 10:44:59.014000","64033.31278051774"
"2026-07-12 10:49:55.951000","64044.894301923385"
"2026-07-12 10:54:59.054000","64048.49603866715"
"2026-07-12 10:59:55.668000","64063.16077869598"
"2026-07-12 11:04:53.137000","64041.924907515306"
"2026-07-12 11:09:59.300000","64028.26372442002"
"2026-07-12 11:14:59.445000","64072.52000497886"
"2026-07-12 11:19:58.054000","64077.88603477707"
"2026-07-12 11:24:50.543000","64096.607108141936"
"2026-07-12 11:29:51.036000","64075.98819244811"
"2026-07-12 11:34:57.022000","64148.121706371894"
"2026-07-12 11:39:55.617000","64108.9442936591"
"2026-07-12 11:44:58.462000","64127.85337565599"
"2026-07-12 11:50:00.172000","64153.2142808895"
"2026-07-12 11:54:57.173000","64120.670583655316"
"2026-07-12 12:00:03.222000","64133.10697088716"
"2026-07-12 12:04:53.321000","64155.8722828689"
"2026-07-12 12:09:55.586000","64143.433067100224"
"2026-07-12 12:14:50.977000","64126.72461907701"
"2026-07-12 12:19:56.223000","64139.1663813865"
"2026-07-12 12:24:58.260000","64083.1018377311"
"2026-07-12 12:29:56.450000","64043.84218500942"
"2026-07-12 12:34:56.070000","63977.4239413122"
"2026-07-12 12:39:56.420000","63924.32639962751"
"2026-07-12 12:44:55.683000","63981.56645103813"
"2026-07-12 12:49:58.294000","63975.8486731878"
"2026-07-12 12:54:56.705000","63943.46847928771"
"2026-07-12 12:59:58.975000","63940.97636885769"
"2026-07-12 13:04:57.986000","63958.45024042294"
"2026-07-12 13:09:57.942000","63965.186435365766"
"2026-07-12 13:14:57.230000","63954.423232840905"
"2026-07-12 13:19:55.470000","63885.57292417588"
"2026-07-12 13:24:57.929000","63877.719974058586"
"2026-07-12 13:29:59.933000","63878.88438134026"
"2026-07-12 13:34:57.823000","63888.155771861675"
"2026-07-12 13:39:59.143000","63914.98309280479"
"2026-07-12 13:45:00.146000","63930.733397219716"
"2026-07-12 13:49:58.205000","63928.776962943"
"2026-07-12 13:54:57.016000","63923.26496829784"
"2026-07-12 14:00:02.864000","63941.1451891897"
"2026-07-12 14:04:57.014000","63837.35217111707"
"2026-07-12 14:09:55.577000","63773.37160918541"
"2026-07-12 14:14:57.113000","63715.73049933251"
"2026-07-12 14:20:00.104000","63693.664072808206"
"2026-07-12 14:24:58.497000","63710.15710776534"
"2026-07-12 14:29:51.716000","63653.367754682426"
"2026-07-12 14:34:58.062000","63657.01899207829"
"2026-07-12 14:39:53.116000","63708.41002515795"
"2026-07-12 14:44:57.345000","63727.47762357642"
"2026-07-12 14:49:50.591000","63766.04352546996"
"2026-07-12 14:54:58.269000","63710.593695821044"
"2026-07-12 15:00:02.098000","63724.00477666906"
"2026-07-12 15:04:56.670000","63726.009634333626"
"2026-07-12 15:09:56.254000","63760.024063231"
"2026-07-12 15:14:58.027000","63760.67421320677"
"2026-07-12 15:19:52.401000","63796.28132527605"
"2026-07-12 15:24:56.712000","63827.96302677465"
"2026-07-12 15:29:57.340000","63814.59001489114"
"2026-07-12 15:34:58.135000","63842.90257284084"
"2026-07-12 15:39:59.087000","63815.81840150402"
"2026-07-12 15:44:57.021000","63812.432105605"
"2026-07-12 15:49:58.350000","63814.255147604985"
"2026-07-12 15:54:57.776000","63819.42187437523"
"2026-07-12 16:00:01.265000","63849.17710443917"
"2026-07-12 16:04:58.068000","63891.82507052423"
"2026-07-12 16:09:56.023000","63980.62399667824"
"2026-07-12 16:14:57.110000","63991.50310183129"
"2026-07-12 16:19:59.575000","63977.314720864306"
"2026-07-12 16:24:59.452000","63965.65412367581"
"2026-07-12 16:29:57.258000","63960.22046755827"
"2026-07-12 16:34:58.633000","63963.701794276436"
"2026-07-12 16:39:55.883000","63959.21422974497"
"2026-07-12 16:44:56.660000","63959.3977599268"
"2026-07-12 16:49:57.224000","63914.33915646735"
"2026-07-12 16:54:57.055000","63946.84771305408"
"2026-07-12 16:59:56.765000","63944.78172943581"
"2026-07-12 17:04:56.881000","63921.52783913144"
"2026-07-12 17:09:58.986000","63934.95535262933"
"2026-07-12 17:14:51.858000","63859.66586016506"
"2026-07-12 17:19:57.897000","63794.405014118005"
"2026-07-12 17:24:56.517000","63732.81855893757"
"2026-07-12 17:30:00.283000","63786.34086012856"
"2026-07-12 17:34:58.834000","63849.29395072106"
"2026-07-12 17:39:56.388000","63881.141808293076"
"2026-07-12 17:44:56.364000","63970.901699214846"
"2026-07-12 17:49:58.171000","63956.29812245667"
"2026-07-12 17:54:58.026000","63939.32516875935"
"2026-07-12 17:59:59.253000","63922.04380563007"
"2026-07-12 18:04:59.289000","63900.51162430035"
"2026-07-12 18:09:56.644000","63866.43398894582"
"2026-07-12 18:14:57.633000","63877.01038686729"
"2026-07-12 18:19:58.258000","63866.52125365735"
"2026-07-12 18:24:56.626000","63864.40280937456"
"2026-07-12 18:29:58.012000","63846.94134720723"
"2026-07-12 18:34:56.007000","63855.31272218948"
"2026-07-12 18:39:57.810000","63840.412929340884"
"2026-07-12 18:44:56.282000","63811.84715399013"
"2026-07-12 18:49:58.197000","63819.773971348695"
"2026-07-12 18:54:56.353000","63799.17407941393"
"2026-07-12 18:59:58.496000","63837.20446081583"
"2026-07-12 19:04:57.725000","63846.59824797039"
"2026-07-12 19:09:56.929000","63862.57191500432"
"2026-07-12 19:14:55.910000","63806.7053027213"
"2026-07-12 19:19:58.951000","63849.05494546521"
"2026-07-12 19:24:57.906000","63828.77111054575"
"2026-07-12 19:29:53.139000","63857.78359492591"
"2026-07-12 19:34:59.434000","63907.31728559973"
"2026-07-12 19:39:51.433000","63970.64041146968"
"2026-07-12 19:44:59.253000","63952.991881172115"
"2026-07-12 19:49:55.890000","63976.56059829012"
"2026-07-12 19:54:56.050000","63958.983646037756"
"2026-07-12 19:59:51.351000","63971.89666202366"
"2026-07-12 20:04:56.733000","63941.369932673224"
"2026-07-12 20:09:56.239000","63938.14885252934"
"2026-07-12 20:14:57.519000","64073.78696235204"
"2026-07-12 20:19:58.855000","64031.80012446872"
"2026-07-12 20:24:59.975000","63998.90288998762"
"2026-07-12 20:24:59.975000","63998.90288998762"
"2026-07-12 20:29:56.430000","64011.401081835706"
"2026-07-12 20:34:59.624000","63990.70904657823"
"2026-07-12 20:39:58.800000","63971.285147500406"
"2026-07-12 20:44:58.729000","63983.618617875494"
"2026-07-12 20:49:58.005000","64006.4062282894"
"2026-07-12 20:54:57.404000","63968.12047235827"
"2026-07-12 20:59:56.667000","63985.68399412193"
"2026-07-12 21:04:54.262000","63981.07678565881"
"2026-07-12 21:09:56.492000","64004.43899671311"
"2026-07-12 21:14:55.658000","63995.611363005955"
"2026-07-12 21:19:59.157000","63969.68153816381"
